{
  "mesh_name": "",
  "mesh_distance": 0.08340834081172943,
  "mesh_start_point": [
    -0.08151350170373917,
    0.0005899998359382153,
    -0.0007239999249577522
  ],
  "mesh_end_point": [
    -0.16302700340747833,
    -0.011909999884665012,
    -0.013224000111222267
  ],
  "mesh_ref_point": [
    0.0,
    0.013089999556541443,
    0.011776000261306763
  ],
  "mesh_use_face_normals": false,
  "mesh_use_tangent_basis": false,
  "mesh_vertices": [
    [
      -0.16302700340747833,
      -0.011909999884665012,
      -0.013224000111222267
    ],
    [
      -0.16302700340747833,
      0.013089999556541443,
      -0.013224000111222267
    ],
    [
      0.0,
      0.013089999556541443,
      -0.013224000111222267
    ],
    [
      0.0,
      -0.011909999884665012,
      -0.013224000111222267
    ],
    [
      -0.16302700340747833,
      -0.011909999884665012,
      0.011776000261306763
    ],
    [
      0.0,
      -0.011909999884665012,
      0.011776000261306763
    ],
    [
      0.0,
      0.013089999556541443,
      0.011776000261306763
    ],
    [
      -0.16302700340747833,
      0.013089999556541443,
      0.011776000261306763
    ]
  ],
  "mesh_normals": [
    [
      -0.33333325386047363,
      -0.6666665077209473,
      -0.6666665077209473
    ],
    [
      -0.8164965510368347,
      0.40824827551841736,
      -0.40824827551841736
    ],
    [
      0.33333325386047363,
      0.6666665077209473,
      -0.6666665077209473
    ],
    [
      0.8164965510368347,
      -0.40824827551841736,
      -0.40824827551841736
    ],
    [
      -0.6666665077209473,
      -0.33333325386047363,
      0.6666665077209473
    ],
    [
      0.40824827551841736,
      -0.8164965510368347,
      0.40824827551841736
    ],
    [
      0.6666665077209473,
      0.33333325386047363,
      0.6666665077209473
    ],
    [
      -0.40824827551841736,
      0.8164965510368347,
      0.40824827551841736
    ]
  ],
  "mesh_uv": [
    [
      -2.0,
      -2.0
    ],
    [
      -2.0,
      -2.0
    ],
    [
      -2.0,
      -2.0
    ],
    [
      -2.0,
      -2.0
    ],
    [
      -2.0,
      -2.0
    ],
    [
      -2.0,
      -2.0
    ],
    [
      -2.0,
      -2.0
    ],
    [
      -2.0,
      -2.0
    ]
  ],
  "mesh_indices": [
    0,
    1,
    2,
    2,
    3,
    0,
    4,
    5,
    6,
    6,
    7,
    4,
    0,
    3,
    5,
    5,
    4,
    0,
    3,
    2,
    6,
    6,
    5,
    3,
    2,
    1,
    7,
    7,
    6,
    2,
    1,
    0,
    4,
    4,
    7,
    1
  ],
  "mesh_extra_indices": [
    [
      1,
      1,
      [
        1,
        1,
        0,
        2,
        3,
        6,
        5,
        4,
        0,
        4,
        1,
        7,
        2,
        7,
        6,
        4
      ]
    ],
    [
      1,
      0,
      [
        0,
        3,
        5
      ]
    ]
  ]
}