{
  "mesh_name": "",
  "mesh_distance": 0.5598669648170471,
  "mesh_start_point": [
    0.02213316410779953,
    -0.3684687316417694,
    -0.014379383996129036
  ],
  "mesh_end_point": [
    -0.1518850028514862,
    -0.9257640242576599,
    -0.19142599403858185
  ],
  "mesh_ref_point": [
    0.1670520007610321,
    0.1171569973230362,
    0.15997600555419922
  ],
  "mesh_use_face_normals": false,
  "mesh_use_tangent_basis": false,
  "mesh_vertices": [
    [
      0.0021150000393390656,
      -0.9257640242576599,
      0.03534200042486191
    ],
    [
      -0.09351199865341187,
      -0.837145984172821,
      -5.2999999752501026e-05
    ],
    [
      -0.04188799858093262,
      -0.8636670112609863,
      -0.08433700352907181
    ],
    [
      0.03892600163817406,
      -0.8634830117225647,
      -0.08927900344133377
    ],
    [
      0.09263099730014801,
      -0.8370370268821716,
      0.0002680000034160912
    ],
    [
      0.04425099864602089,
      -0.8778330087661743,
      0.1069440022110939
    ],
    [
      -0.04949700087308884,
      -0.8764410018920898,
      0.10228999704122543
    ],
    [
      -0.09293200075626373,
      -0.7839969992637634,
      0.0006849999772384763
    ],
    [
      -0.04792200028896332,
      -0.7464110255241394,
      -0.09491299837827682
    ],
    [
      0.06379800289869308,
      -0.7394070029258728,
      -0.09943299740552902
    ],
    [
      0.11088400334119797,
      -0.7414180040359497,
      0.009980999864637852
    ],
    [
      0.04095999896526337,
      -0.7893019914627075,
      0.11069100350141525
    ],
    [
      -0.031824998557567596,
      -0.7840229868888855,
      0.10846500098705292
    ],
    [
      -0.1375879943370819,
      -0.5018150210380554,
      -0.004532000049948692
    ],
    [
      -0.05928799882531166,
      -0.5513150095939636,
      -0.13259099423885345
    ],
    [
      0.08034999668598175,
      -0.587693989276886,
      -0.118476003408432
    ],
    [
      0.11891700327396393,
      -0.5531439781188965,
      0.004635999910533428
    ],
    [
      0.06956999748945236,
      -0.5032899975776672,
      0.1377830058336258
    ],
    [
      -0.0767270028591156,
      -0.48378199338912964,
      0.1235710009932518
    ],
    [
      -0.12214899808168411,
      0.004827000200748444,
      -0.002005999907851219
    ],
    [
      -0.05016399919986725,
      0.01709499955177307,
      -0.15172499418258667
    ],
    [
      0.144227996468544,
      -0.062043000012636185,
      -0.14160999655723572
    ],
    [
      0.1670520007610321,
      -0.16598300635814667,
      -0.021609999239444733
    ],
    [
      0.11572899669408798,
      -0.10180400311946869,
      0.12202700227499008
    ],
    [
      -0.040070999413728714,
      0.02591799944639206,
      0.11249499768018723
    ],
    [
      -0.05401099845767021,
      0.0918710008263588,
      -0.009225999936461449
    ],
    [
      -0.020956000313162804,
      0.09729400277137756,
      -0.09306400269269943
    ],
    [
      0.12621699273586273,
      0.054575998336076736,
      -0.1196030005812645
    ],
    [
      0.1553879976272583,
      0.031084999442100525,
      -0.013283999636769295
    ],
    [
      0.10957899689674377,
      0.04502800107002258,
      0.08237999677658081
    ],
    [
      -0.0171509999781847,
      0.08790799975395203,
      0.05892600119113922
    ],
    [
      0.057169001549482346,
      0.1171569973230362,
      -0.006209999788552523
    ],
    [
      0.04415399953722954,
      -0.005018999800086021,
      0.13917499780654907
    ],
    [
      -0.004951999988406897,
      -0.4877830147743225,
      0.15663599967956543
    ],
    [
      -0.1518850028514862,
      -0.26153498888015747,
      -0.014547999948263168
    ],
    [
      -0.08562900125980377,
      -0.25015199184417725,
      -0.16133299469947815
    ],
    [
      0.12823499739170074,
      -0.24483999609947205,
      -0.14489300549030304
    ],
    [
      0.09449899941682816,
      -0.2488899976015091,
      0.13268500566482544
    ],
    [
      0.0028359999414533377,
      -0.26976799964904785,
      0.15997600555419922
    ],
    [
      -0.08812999725341797,
      -0.26335400342941284,
      0.11791899800300598
    ],
    [
      0.018425000831484795,
      -0.2584559917449951,
      -0.19142599403858185
    ],
    [
      0.05860200151801109,
      0.08395999670028687,
      -0.13532400131225586
    ],
    [
      0.048030998557806015,
      -0.0036430000327527523,
      -0.1808370053768158
    ],
    [
      0.0021150000393390656,
      -0.9257640242576599,
      0.03534200042486191
    ],
    [
      0.0021150000393390656,
      -0.9257640242576599,
      0.03534200042486191
    ],
    [
      0.03892600163817406,
      -0.8634830117225647,
      -0.08927900344133377
    ],
    [
      0.0021150000393390656,
      -0.9257640242576599,
      0.03534200042486191
    ],
    [
      0.0021150000393390656,
      -0.9257640242576599,
      0.03534200042486191
    ],
    [
      0.06379800289869308,
      -0.7394070029258728,
      -0.09943299740552902
    ],
    [
      0.08034999668598175,
      -0.587693989276886,
      -0.118476003408432
    ],
    [
      0.057169001549482346,
      0.1171569973230362,
      -0.006209999788552523
    ],
    [
      0.057169001549482346,
      0.1171569973230362,
      -0.006209999788552523
    ],
    [
      0.057169001549482346,
      0.1171569973230362,
      -0.006209999788552523
    ],
    [
      0.057169001549482346,
      0.1171569973230362,
      -0.006209999788552523
    ],
    [
      0.057169001549482346,
      0.1171569973230362,
      -0.006209999788552523
    ],
    [
      0.048030998557806015,
      -0.0036430000327527523,
      -0.1808370053768158
    ],
    [
      0.0021150000393390656,
      -0.9257640242576599,
      0.03534200042486191
    ],
    [
      0.018425000831484795,
      -0.2584559917449951,
      -0.19142599403858185
    ],
    [
      0.057169001549482346,
      0.1171569973230362,
      -0.006209999788552523
    ],
    [
      0.05860200151801109,
      0.08395999670028687,
      -0.13532400131225586
    ]
  ],