{
  "mesh_name": "",
  "mesh_distance": 0.5691488981246948,
  "mesh_start_point": [
    -0.0018508437788113952,
    -0.4252997934818268,
    -0.031556107103824615
  ],
  "mesh_end_point": [
    -0.13534599542617798,
    -0.9941440224647522,
    -0.16171599924564362
  ],
  "mesh_ref_point": [
    0.09276799857616425,
    0.09503699839115143,
    0.0997529998421669
  ],
  "mesh_use_face_normals": false,
  "mesh_use_tangent_basis": false,
  "mesh_vertices": [
    [
      0.0005460000247694552,
      -0.9941440224647522,
      -0.013089999556541443
    ],
    [
      -0.06134999915957451,
      -0.9286329746246338,
      -0.013043000362813473
    ],
    [
      -0.033854998648166656,
      -0.9210309982299805,
      -0.0873659998178482
    ],
    [
      0.03361300006508827,
      -0.9201139807701111,
      -0.0874439999461174
    ],
    [
      0.0594789981842041,
      -0.9102050065994263,
      -0.010207000188529491
    ],
    [
      0.026200000196695328,
      -0.9194149971008301,
      0.040536001324653625
    ],
    [
      -0.028015999123454094,
      -0.9212620258331299,
      0.0398389995098114
    ],
    [
      -0.08752299845218658,
      -0.6156060099601746,
      -0.02544800005853176
    ],
    [
      -0.05384499952197075,
      -0.6158090233802795,
      -0.10679099708795547
    ],
    [
      0.020471999421715736,
      -0.6056830286979675,
      -0.12187299877405167
    ],
    [
      0.05428700149059296,
      -0.6044179797172546,
      -0.027881000190973282
    ],
    [
      0.004251000005751848,
      -0.6550580263137817,
      0.04142500087618828
    ],
    [
      -0.04442499950528145,
      -0.6414999961853027,
      0.03676699846982956
    ],
    [
      -0.13534599542617798,
      -0.3126339912414551,
      -0.020097000524401665
    ],
    [
      -0.09206199645996094,
      -0.3791329860687256,
      -0.14121000468730927
    ],
    [
      0.036642998456954956,
      -0.38856300711631775,
      -0.16171599924564362
    ],
    [
      0.08604799956083298,
      -0.33976900577545166,
      -0.0249439999461174
    ],
    [
      0.01115499995648861,
      -0.3551889955997467,
      0.06661199778318405
    ],
    [
      -0.062470000237226486,
      -0.3444159924983978,
      0.06037899851799011
    ],
    [
      -0.057110998779535294,
      0.048615001142024994,
      0.00673400005325675
    ],
    [
      -0.041703000664711,
      -0.02326500043272972,
      -0.08461099863052368
    ],
    [
      0.03883200138807297,
      -0.0235190000385046,
      -0.0895100012421608
    ],
    [
      0.07266499847173691,
      0.04823099821805954,
      0.0036090000066906214
    ],
    [
      0.028341999277472496,
      0.04079199954867363,
      0.0997529998421669
    ],
    [
      -0.023761000484228134,
      0.041999999433755875,
      0.09455700218677521
    ],
    [
      0.009344000369310379,
      0.09503699839115143,
      0.01659199967980385
    ],
    [
      0.09276799857616425,
      7.300000288523734e-05,
      0.001281999982893467
    ],
    [
      -0.09138599783182144,
      0.0002880000101868063,
      0.0004149999876972288
    ],
    [
      -0.08674799650907516,
      -0.18062999844551086,
      -0.14911699295043945
    ],
    [
      0.03132899850606918,
      -0.19006000459194183,
      -0.16057200729846954
    ],
    [
      0.0005460000247694552,
      -0.9941440224647522,
      -0.013089999556541443
    ],
    [
      0.0005460000247694552,
      -0.9941440224647522,
      -0.013089999556541443
    ],
    [
      0.03361300006508827,
      -0.9201139807701111,
      -0.0874439999461174
    ],
    [
      0.0005460000247694552,
      -0.9941440224647522,
      -0.013089999556541443
    ],
    [
      0.0005460000247694552,
      -0.9941440224647522,
      -0.013089999556541443
    ],
    [
      0.0005460000247694552,
      -0.9941440224647522,
      -0.013089999556541443
    ],
    [
      0.020471999421715736,
      -0.6056830286979675,
      -0.12187299877405167
    ],
    [
      0.036642998456954956,
      -0.38856300711631775,
      -0.16171599924564362
    ],
    [
      0.03883200138807297,
      -0.0235190000385046,
      -0.0895100012421608
    ],
    [
      0.03132899850606918,
      -0.19006000459194183,
      -0.16057200729846954
    ],
    [
      0.009344000369310379,
      0.09503699839115143,
      0.01659199967980385
    ],
    [
      0.009344000369310379,
      0.09503699839115143,
      0.01659199967980385
    ],
    [
      0.009344000369310379,
      0.09503699839115143,
      0.01659199967980385
    ],
    [
      0.009344000369310379,
      0.09503699839115143,
      0.01659199967980385
    ],
    [
      0.009344000369310379,
      0.09503699839115143,
      0.01659199967980385
    ]
  ],