{
  "mesh_name": "",
  "mesh_distance": 0.2870793342590332,
  "mesh_start_point": [
    0.0014941429253667593,
    -0.07853803783655167,
    -0.09974789619445801
  ],
  "mesh_end_point": [
    -0.10161499679088593,
    -0.35453400015830994,
    -0.16060300171375275
  ],
  "mesh_ref_point": [
    0.08732900023460388,
    0.11882299929857254,
    0.05247899889945984
  ],
  "mesh_use_face_normals": false,
  "mesh_use_tangent_basis": false,
  "mesh_vertices": [
    [
      -0.0008079999824985862,
      0.05107500031590462,
      0.05247899889945984
    ],
    [
      -0.055803000926971436,
      0.020284999161958694,
      0.009719000197947025
    ],
    [
      -0.03111799992620945,
      -0.0363290011882782,
      0.024807000532746315
    ],
    [
      0.02648399956524372,
      -0.03884800150990486,
      0.023382000625133514
    ],
    [
      0.05764999985694885,
      0.012715999968349934,
      0.010617000050842762
    ],
    [
      0.03520999848842621,
      0.08592399954795837,
      0.013481000438332558
    ],
    [
      -0.037852998822927475,
      0.08881799876689911,
      0.01422599982470274
    ],
    [
      -0.06673099845647812,
      0.0174809992313385,
      -0.06906799972057343
    ],
    [
      -0.06309200078248978,
      -0.13576899468898773,
      -0.08522599935531616
    ],
    [
      0.06015399843454361,
      -0.09824799746274948,
      -0.06245199963450432
    ],
    [
      0.06858199834823608,
      0.005648000165820122,
      -0.0824970006942749
    ],
    [
      0.055642999708652496,
      0.09146299958229065,
      -0.07513000071048737
    ],
    [
      -0.04794500023126602,
      0.09931699931621552,
      -0.0740870013833046
    ],
    [
      -0.054979000240564346,
      0.08779600262641907,
      -0.16023600101470947
    ],
    [
      -0.08320800215005875,
      -0.28166699409484863,
      -0.146589994430542
    ],
    [
      0.04836500063538551,
      -0.3488140106201172,
      -0.1256919950246811
    ],
    [
      0.06790000200271606,
      -0.09042999893426895,
      -0.16038499772548676
    ],
    [
      0.05935300141572952,
      0.07829300314188004,
      -0.16016100347042084
    ],
    [
      -0.08781199902296066,
      -0.2900739908218384,
      -0.16054199635982513
    ],
    [
      0.051906999200582504,
      -0.35453400015830994,
      -0.16056999564170837
    ],
    [
      -0.10161499679088593,
      -0.1918330043554306,
      -0.16052499413490295
    ],
    [
      0.08732900023460388,
      -0.2514219880104065,
      -0.16044700145721436
    ],
    [
      0.0004839999892283231,
      0.09219300001859665,
      0.011241000145673752
    ],
    [
      0.011533999815583229,
      -0.13430799543857574,
      -0.04493900015950203
    ],
    [
      0.0026740001048892736,
      0.11882299929857254,
      -0.07463400065898895
    ],
    [
      0.005150000099092722,
      0.11274000257253647,
      -0.16019099950790405
    ],
    [
      -0.018727999180555344,
      -0.3472130000591278,
      -0.16060300171375275
    ],
    [
      -0.016147999092936516,
      -0.34373098611831665,
      -0.13019800186157227
    ],
    [
      -0.0030449999030679464,
      -0.15615400671958923,
      -0.1604830026626587
    ],
    [
      0.07640700042247772,
      -0.23887500166893005,
      -0.10746300220489502
    ],
    [
      0.0004839999892283231,
      0.09219300001859665,
      0.011241000145673752
    ],
    [
      0.0026740001048892736,
      0.11882299929857254,
      -0.07463400065898895
    ],
    [
      0.005150000099092722,
      0.11274000257253647,
      -0.16019099950790405
    ],
    [
      0.05935300141572952,
      0.07829300314188004,
      -0.16016100347042084
    ],
    [
      0.005150000099092722,
      0.11274000257253647,
      -0.16019099950790405
    ],
    [
      0.06790000200271606,
      -0.09042999893426895,
      -0.16038499772548676
    ],
    [
      0.08732900023460388,
      -0.2514219880104065,
      -0.16044700145721436
    ],
    [
      -0.10161499679088593,
      -0.1918330043554306,
      -0.16052499413490295
    ],
    [
      -0.08781199902296066,
      -0.2900739908218384,
      -0.16054199635982513
    ],
    [
      -0.054979000240564346,
      0.08779600262641907,
      -0.16023600101470947
    ],
    [
      -0.018727999180555344,
      -0.3472130000591278,
      -0.16060300171375275
    ],
    [
      0.051906999200582504,
      -0.35453400015830994,
      -0.16056999564170837
    ]
  ],