{
  "mesh_name": "",
  "mesh_distance": 0.04324902594089508,
  "mesh_start_point": [
    1.6250181943178177e-05,
    0.03923150524497032,
    -0.0007450003176927567
  ],
  "mesh_end_point": [
    -0.012895000167191029,
    1.4000000192027073e-05,
    -0.013620000332593918
  ],
  "mesh_ref_point": [
    0.012927000410854816,
    0.07844900339841843,
    0.012129999697208405
  ],
  "mesh_use_face_normals": false,
  "mesh_use_tangent_basis": false,
  "mesh_vertices": [
    [
      0.01285600010305643,
      0.07844900339841843,
      -0.013620000332593918
    ],
    [
      -0.012822999618947506,
      1.4000000192027073e-05,
      -0.013620000332593918
    ],
    [
      -0.012895000167191029,
      0.07844900339841843,
      -0.013620000332593918
    ],
    [
      0.012927000410854816,
      1.4000000192027073e-05,
      -0.013620000332593918
    ],
    [
      0.01285600010305643,
      0.07844900339841843,
      0.012129999697208405
    ],
    [
      -0.012822999618947506,
      1.4000000192027073e-05,
      0.012129999697208405
    ],
    [
      0.012927000410854816,
      1.4000000192027073e-05,
      0.012129999697208405
    ],
    [
      -0.012895000167191029,
      0.07844900339841843,
      0.012129999697208405
    ]
  ],
  "mesh_normals": [
    [
      0.6665322184562683,
      0.333869606256485,
      -0.6665325164794922
    ],
    [
      -0.6665302515029907,
      -0.3338771462440491,
      -0.6665306091308594
    ],
    [
      -0.40837302803993225,
      0.8163716197013855,
      -0.40837323665618896
    ],
    [
      0.40837132930755615,
      -0.8163734078407288,
      -0.4083715081214905
    ],
    [
      0.33326610922813416,
      0.6668341159820557,
      0.6665325164794922
    ],
    [
      -0.333265095949173,
      -0.6668365597724915,
      0.6665305495262146
    ],
    [
      0.8167425990104675,
      -0.4076322019100189,
      0.4083714783191681
    ],
    [
      -0.816746175289154,
      0.4076235592365265,
      0.40837329626083374
    ]
  ],
  "mesh_uv": [
    [
      -2.0,
      -2.0
    ],
    [
      -2.0,
      -2.0
    ],
    [
      -2.0,
      -2.0
    ],
    [
      -2.0,
      -2.0
    ],
    [
      -2.0,
      -2.0
    ],
    [
      -2.0,
      -2.0
    ],
    [
      -2.0,
      -2.0
    ],
    [
      -2.0,
      -2.0
    ]
  ],
  "mesh_indices": [
    0,
    1,
    2,
    1,
    0,
    3,
    4,
    5,
    6,
    5,
    4,
    7,
    0,
    6,
    3,
    6,
    0,
    4,
    3,
    5,
    1,
    5,
    3,
    6,
    1,
    7,
    2,
    7,
    1,
    5,
    2,
    4,
    0,
    4,
    2,
    7
  ],
  "mesh_extra_indices": [
    [
      1,
      1,
      [
        1,
        1,
        0,
        2,
        4,
        7,
        5,
        1,
        3,
        0,
        6,
        4,
        6,
        5,
        3
      ]
    ],
    [
      1,
      0,
      [
        1,
        7,
        2
      ]
    ]
  ]
}