{
  "mesh_name": "",
  "mesh_distance": 0.18137867748737335,
  "mesh_start_point": [
    0.0032284208573400974,
    0.046167753636837006,
    -0.022883351892232895
  ],
  "mesh_end_point": [
    -0.11501699686050415,
    -0.08871900290250778,
    -0.11916200071573257
  ],
  "mesh_ref_point": [
    0.11501699686050415,
    0.21420200169086456,
    0.08470799773931503
  ],
  "mesh_use_face_normals": false,
  "mesh_use_tangent_basis": false,
  "mesh_vertices": [
    [
      -0.0,
      -0.08871900290250778,
      -0.023228000849485397
    ],
    [
      0.0745910033583641,
      -0.0620260015130043,
      -0.01718199998140335
    ],
    [
      0.04512700065970421,
      -0.06138499826192856,
      -0.08070799708366394
    ],
    [
      -0.04512700065970421,
      -0.06138499826192856,
      -0.08070799708366394
    ],
    [
      -0.0745910033583641,
      -0.0620260015130043,
      -0.01718199998140335
    ],
    [
      -0.032150998711586,
      -0.07125300168991089,
      0.036003999412059784
    ],
    [
      0.032150998711586,
      -0.07125300168991089,
      0.036003999412059784
    ],
    [
      0.11501699686050415,
      -0.01705699972808361,
      -0.01216300018131733
    ],
    [
      0.06636399775743484,
      -0.002420000033453107,
      -0.09425800293684006
    ],
    [
      -0.06636399775743484,
      -0.002420000033453107,
      -0.09425800293684006
    ],
    [
      -0.11501699686050415,
      -0.01705699972808361,
      -0.01216300018131733
    ],
    [
      -0.04006899893283844,
      -0.03982999920845032,
      0.06111599877476692
    ],
    [
      0.04006899893283844,
      -0.03982999920845032,
      0.06111599877476692
    ],
    [
      0.09376999735832214,
      0.0846330001950264,
      -0.003450999967753887
    ],
    [
      0.056731000542640686,
      0.10281500220298767,
      -0.08162499964237213
    ],
    [
      -0.056731000542640686,
      0.10281500220298767,
      -0.08162499964237213
    ],
    [
      -0.09376999735832214,
      0.0846330001950264,
      -0.003450999967753887
    ],
    [
      -0.028761999681591988,
      0.050958000123500824,
      0.0689219981431961
    ],
    [
      0.028761999681591988,
      0.050958000123500824,
      0.0689219981431961
    ],
    [
      0.09387899935245514,
      0.19772499799728394,
      -0.0005499999970197678
    ],
    [
      0.06304500252008438,
      0.19772499799728394,
      -0.08689499646425247
    ],
    [
      -0.06304500252008438,
      0.19772499799728394,
      -0.08689499646425247
    ],
    [
      -0.09387899935245514,
      0.19772499799728394,
      -0.0005499999970197678
    ],
    [
      -0.046939998865127563,
      0.17904099822044373,
      0.06314399838447571
    ],
    [
      0.046939998865127563,
      0.17904099822044373,
      0.06314399838447571
    ],
    [
      -0.0,
      0.21420200169086456,
      -0.004906000103801489
    ],
    [
      -0.0,
      -0.06701800227165222,
      -0.09961000084877014
    ],
    [
      -0.0,
      -0.07686299830675125,
      0.046567998826503754
    ],
    [
      -0.0,
      -0.002420000033453107,
      -0.11916200071573257
    ],
    [
      -0.0,
      -0.044732000678777695,
      0.07450500130653381
    ],
    [
      0.0,
      0.10281500220298767,
      -0.10287199914455414
    ],
    [
      -0.0,
      0.04075400158762932,
      0.08470799773931503
    ],
    [
      0.0,
      0.19772499799728394,
      -0.10810799896717072
    ],
    [
      0.0,
      0.1749739944934845,
      0.08010800182819366
    ],
    [
      -0.0,
      -0.08871900290250778,
      -0.023228000849485397
    ],
    [
      -0.0,
      -0.08871900290250778,
      -0.023228000849485397
    ],
    [
      -0.0,
      -0.08871900290250778,
      -0.023228000849485397
    ],
    [
      -0.0,
      -0.08871900290250778,
      -0.023228000849485397
    ],
    [
      -0.0,
      -0.08871900290250778,
      -0.023228000849485397
    ],
    [
      0.0745910033583641,
      -0.0620260015130043,
      -0.01718199998140335
    ],
    [
      0.04512700065970421,
      -0.06138499826192856,
      -0.08070799708366394
    ],
    [
      -0.0,
      -0.06701800227165222,
      -0.09961000084877014
    ],
    [
      0.032150998711586,
      -0.07125300168991089,
      0.036003999412059784
    ],
    [
      -0.0,
      0.21420200169086456,
      -0.004906000103801489
    ],
    [
      0.0,
      0.19772499799728394,
      -0.10810799896717072
    ],
    [
      -0.0,
      0.21420200169086456,
      -0.004906000103801489
    ],
    [
      -0.0,
      0.21420200169086456,
      -0.004906000103801489
    ],
    [
      -0.0,
      0.21420200169086456,
      -0.004906000103801489
    ],
    [
      -0.0,
      0.21420200169086456,
      -0.004906000103801489
    ],
    [
      -0.0,
      -0.08871900290250778,
      -0.023228000849485397
    ],
    [
      -0.0,
      -0.06701800227165222,
      -0.09961000084877014
    ],
    [
      0.032150998711586,
      -0.07125300168991089,
      0.036003999412059784
    ],
    [
      -0.0,
      -0.002420000033453107,
      -0.11916200071573257
    ],
    [
      0.0,
      0.10281500220298767,
      -0.10287199914455414
    ],
    [
      -0.0,
      0.21420200169086456,
      -0.004906000103801489
    ],
    [
      0.0,
      0.19772499799728394,
      -0.10810799896717072
    ],
    [
      -0.0,
      0.21420200169086456,
      -0.004906000103801489
    ]
  ],