{
  "mesh_name": "",
  "mesh_distance": 0.13191911578178406,
  "mesh_start_point": [
    -0.1306529939174652,
    0.0008645001798868179,
    -0.0007450003176927567
  ],
  "mesh_end_point": [
    -0.2613059878349304,
    -0.012045999988913536,
    -0.013620000332593918
  ],
  "mesh_ref_point": [
    0.0,
    0.013775000348687172,
    0.012129999697208405
  ],
  "mesh_use_face_normals": false,
  "mesh_use_tangent_basis": false,
  "mesh_vertices": [
    [
      -0.2613059878349304,
      -0.01197499968111515,
      -0.013620000332593918
    ],
    [
      -0.2613059878349304,
      0.013775000348687172,
      -0.013620000332593918
    ],
    [
      0.0,
      0.013704000040888786,
      -0.013620000332593918
    ],
    [
      0.0,
      -0.012045999988913536,
      -0.013620000332593918
    ],
    [
      -0.2613059878349304,
      -0.01197499968111515,
      0.012129999697208405
    ],
    [
      0.0,
      -0.012045999988913536,
      0.012129999697208405
    ],
    [
      0.0,
      0.013704000040888786,
      0.012129999697208405
    ],
    [
      -0.2613059878349304,
      0.013775000348687172,
      0.012129999697208405
    ]
  ],
  "mesh_normals": [
    [
      -0.3334943354129791,
      -0.6666262149810791,
      -0.6666262745857239
    ],
    [
      -0.8164596557617188,
      0.4082852005958557,
      -0.4082852602005005
    ],
    [
      0.33349427580833435,
      0.6666262149810791,
      -0.6666262745857239
    ],
    [
      0.8164596557617188,
      -0.4082852005958557,
      -0.4082852602005005
    ],
    [
      -0.6667168736457825,
      -0.33331310749053955,
      0.6666262745857239
    ],
    [
      0.40806347131729126,
      -0.8165704607963562,
      0.4082852900028229
    ],
    [
      0.6667168736457825,
      0.33331307768821716,
      0.6666262149810791
    ],
    [
      -0.40806347131729126,
      0.8165704607963562,
      0.4082852900028229
    ]
  ],
  "mesh_uv": [
    [
      -2.0,
      -2.0
    ],
    [
      -2.0,
      -2.0
    ],
    [
      -2.0,
      -2.0
    ],
    [
      -2.0,
      -2.0
    ],
    [
      -2.0,
      -2.0
    ],
    [
      -2.0,
      -2.0
    ],
    [
      -2.0,
      -2.0
    ],
    [
      -2.0,
      -2.0
    ]
  ],
  "mesh_indices": [
    0,
    1,
    2,
    2,
    3,
    0,
    4,
    5,
    6,
    6,
    7,
    4,
    0,
    3,
    5,
    5,
    4,
    0,
    3,
    2,
    6,
    6,
    5,
    3,
    2,
    1,
    7,
    7,
    6,
    2,
    1,
    0,
    4,
    4,
    7,
    1
  ],
  "mesh_extra_indices": [
    [
      1,
      1,
      [
        1,
        1,
        0,
        2,
        3,
        6,
        5,
        4,
        0,
        4,
        1,
        7,
        2,
        7,
        6,
        4
      ]
    ],
    [
      1,
      0,
      [
        0,
        3,
        5
      ]
    ]
  ]
}