{
  "mesh_name": "",
  "mesh_distance": 0.3255975842475891,
  "mesh_start_point": [
    0.0031406155321747065,
    -0.21344146132469177,
    -0.008152982220053673
  ],
  "mesh_end_point": [
    -0.0997370034456253,
    -0.53090900182724,
    -0.10714399814605713
  ],
  "mesh_ref_point": [
    0.10798200219869614,
    0.10923600196838379,
    0.08024299889802933
  ],
  "mesh_use_face_normals": false,
  "mesh_use_tangent_basis": false,
  "mesh_vertices": [
    [
      -0.004364000167697668,
      -0.53090900182724,
      0.006850999779999256
    ],
    [
      -0.04836200177669525,
      -0.5042589902877808,
      0.0005939999828115106
    ],
    [
      -0.03206599876284599,
      -0.49269899725914,
      -0.06161300092935562
    ],
    [
      0.014500999823212624,
      -0.49101701378822327,
      -0.06409300118684769
    ],
    [
      0.037386998534202576,
      -0.4994640052318573,
      0.0029589999467134476
    ],
    [
      -0.0019570000004023314,
      -0.5018680095672607,
      0.04341600090265274
    ],
    [
      -0.0637580007314682,
      -0.453341007232666,
      -0.0010319999419152737
    ],
    [
      -0.03671000152826309,
      -0.4511820077896118,
      -0.054777998477220535
    ],
    [
      0.014015000313520432,
      -0.44620001316070557,
      -0.059526000171899796
    ],
    [
      0.05068900063633919,
      -0.44928300380706787,
      0.0029589999467134476
    ],
    [
      0.020601000636816025,
      -0.45085498690605164,
      0.05712300166487694
    ],
    [
      -0.03314200043678284,
      -0.4541260004043579,
      0.0499889999628067
    ],
    [
      -0.07496999949216843,
      -0.29333600401878357,
      -0.0019000000320374966
    ],
    [
      -0.0502920001745224,
      -0.2883189916610718,
      -0.08224800229072571
    ],
    [
      0.029597999528050423,
      -0.29505500197410583,
      -0.09571000188589096
    ],
    [
      0.056832000613212585,
      -0.32369598746299744,
      -0.0038789999671280384
    ],
    [
      0.02449299953877926,
      -0.33840999007225037,
      0.06917499750852585
    ],
    [
      -0.042351000010967255,
      -0.3269509971141815,
      0.06009000167250633
    ],
    [
      -0.07662999629974365,
      -0.170414000749588,
      -0.002266000024974346
    ],
    [
      -0.045472998172044754,
      -0.12851500511169434,
      -0.08525100350379944
    ],
    [
      0.007625000085681677,
      -0.12171000242233276,
      -0.09951499849557877
    ],
    [
      0.04527899995446205,
      -0.11655600368976593,
      -0.003487000009045005
    ],
    [
      0.007625000085681677,
      -0.12171000242233276,
      0.06656999886035919
    ],
    [
      -0.042298998683691025,
      -0.13556000590324402,
      0.06026399880647659
    ],
    [
      -0.0997370034456253,
      -0.06989199668169022,
      -0.004265999887138605
    ],
    [
      -0.06866499781608582,
      -0.06597699970006943,
      -0.09655900299549103
    ],
    [
      0.024788999930024147,
      -0.05530700087547302,
      -0.10714399814605713
    ],
    [
      0.10798200219869614,
      -0.013458999805152416,
      -0.010130000300705433
    ],
    [
      0.03207100182771683,
      -0.037654999643564224,
      0.08024299889802933
    ],
    [
      -0.0623989999294281,
      -0.06597699970006943,
      0.0801829993724823
    ],
    [
      -0.07226300239562988,
      0.06201599910855293,
      -0.010997000150382519
    ],
    [
      -0.03936700150370598,
      0.06675899773836136,
      -0.0807339996099472
    ],
    [
      0.03826700150966644,
      0.06603699922561646,
      -0.08411800116300583
    ],
    [
      0.09969600290060043,
      0.06328199803829193,
      -0.011137999594211578
    ],
    [
      0.02944600023329258,
      0.08104799687862396,
      0.04645700007677078
    ],
    [
      -0.03936700150370598,
      0.06675899773836136,
      0.04476400092244148
    ],
    [
      0.046519000083208084,
      0.10923600196838379,
      -0.011522999964654446
    ],
    [
      -0.021126000210642815,
      0.10798300057649612,
      -0.01510899979621172
    ],
    [
      -0.004364000167697668,
      -0.53090900182724,
      0.006850999779999256
    ],
    [
      -0.004364000167697668,
      -0.53090900182724,
      0.006850999779999256
    ],
    [
      -0.004364000167697668,
      -0.53090900182724,
      0.006850999779999256
    ],
    [
      0.037386998534202576,
      -0.4994640052318573,
      0.0029589999467134476
    ],
    [
      -0.004364000167697668,
      -0.53090900182724,
      0.006850999779999256
    ],
    [
      0.05068900063633919,
      -0.44928300380706787,
      0.0029589999467134476
    ],
    [
      0.056832000613212585,
      -0.32369598746299744,
      -0.0038789999671280384
    ],
    [
      0.04527899995446205,
      -0.11655600368976593,
      -0.003487000009045005
    ],
    [
      0.10798200219869614,
      -0.013458999805152416,
      -0.010130000300705433
    ],
    [
      0.09969600290060043,
      0.06328199803829193,
      -0.011137999594211578
    ],
    [
      -0.021126000210642815,
      0.10798300057649612,
      -0.01510899979621172
    ],
    [
      0.046519000083208084,
      0.10923600196838379,
      -0.011522999964654446
    ],
    [
      -0.021126000210642815,
      0.10798300057649612,
      -0.01510899979621172
    ],
    [
      0.046519000083208084,
      0.10923600196838379,
      -0.011522999964654446
    ]
  ],