{
  "mesh_name": "",
  "mesh_distance": 0.29157450795173645,
  "mesh_start_point": [
    0.0048851994797587395,
    -0.2509532868862152,
    -0.003924600780010223
  ],
  "mesh_end_point": [
    -0.07389400154352188,
    -0.52497398853302,
    -0.07785200327634811
  ],
  "mesh_ref_point": [
    0.07687400281429291,
    0.04022099822759628,
    0.06526099890470505
  ],
  "mesh_use_face_normals": false,
  "mesh_use_tangent_basis": false,
  "mesh_vertices": [
    [
      0.0014799999771639705,
      -0.52497398853302,
      -0.01033599954098463
    ],
    [
      -0.03516700118780136,
      -0.489639014005661,
      -0.003780999919399619
    ],
    [
      -0.021633999422192574,
      -0.48962199687957764,
      -0.049580998718738556
    ],
    [
      0.024785999208688736,
      -0.49364399909973145,
      -0.041161999106407166
    ],
    [
      0.041359998285770416,
      -0.49225300550460815,
      -0.007784999907016754
    ],
    [
      0.030757000669836998,
      -0.4933840036392212,
      0.03137499839067459
    ],
    [
      -0.016738999634981155,
      -0.4892840087413788,
      0.0385500006377697
    ],
    [
      -0.048896998167037964,
      -0.3562699854373932,
      -0.002899999963119626
    ],
    [
      -0.021754000335931778,
      -0.3543359935283661,
      -0.054756999015808105
    ],
    [
      0.02139499969780445,
      -0.3496190011501312,
      -0.06370200216770172
    ],
    [
      0.05571400001645088,
      -0.3462649881839752,
      -0.007925000041723251
    ],
    [
      0.03351600095629692,
      -0.3488610088825226,
      0.04923899844288826
    ],
    [
      -0.020698999986052513,
      -0.3543359935283661,
      0.04457100108265877
    ],
    [
      -0.07389400154352188,
      -0.16742999851703644,
      -0.004348999820649624
    ],
    [
      -0.03205300122499466,
      -0.16104300320148468,
      -0.07399400323629379
    ],
    [
      0.027692999690771103,
      -0.1693360060453415,
      -0.07785200327634811
    ],
    [
      0.07687400281429291,
      -0.19422000646591187,
      -0.012950999662280083
    ],
    [
      0.043069999665021896,
      -0.20236800611019135,
      0.06329900026321411
    ],
    [
      -0.04299800097942352,
      -0.1853879988193512,
      0.06526099890470505
    ],
    [
      -0.06032399833202362,
      0.004098999779671431,
      -0.00042100000428035855
    ],
    [
      -0.028950000181794167,
      0.00559900002554059,
      -0.05043800175189972
    ],
    [
      0.011909999884665012,
      0.0041229999624192715,
      -0.05754299834370613
    ],
    [
      0.04728800058364868,
      0.0081599997356534,
      0.0023159999400377274
    ],
    [
      0.020086999982595444,
      0.006335999816656113,
      0.05716300010681152
    ],
    [
      -0.028363000601530075,
      0.003942999988794327,
      0.04978000000119209
    ],
    [
      -0.006281000096350908,
      0.04022099822759628,
      0.0064940000884234905
    ],
    [
      0.0014799999771639705,
      -0.52497398853302,
      -0.01033599954098463
    ],
    [
      0.0014799999771639705,
      -0.52497398853302,
      -0.01033599954098463
    ],
    [
      0.0014799999771639705,
      -0.52497398853302,
      -0.01033599954098463
    ],
    [
      0.041359998285770416,
      -0.49225300550460815,
      -0.007784999907016754
    ],
    [
      0.0014799999771639705,
      -0.52497398853302,
      -0.01033599954098463
    ],
    [
      0.0014799999771639705,
      -0.52497398853302,
      -0.01033599954098463
    ],
    [
      0.05571400001645088,
      -0.3462649881839752,
      -0.007925000041723251
    ],
    [
      0.07687400281429291,
      -0.19422000646591187,
      -0.012950999662280083
    ],
    [
      0.04728800058364868,
      0.0081599997356534,
      0.0023159999400377274
    ],
    [
      -0.006281000096350908,
      0.04022099822759628,
      0.0064940000884234905
    ],
    [
      -0.006281000096350908,
      0.04022099822759628,
      0.0064940000884234905
    ],
    [
      -0.006281000096350908,
      0.04022099822759628,
      0.0064940000884234905
    ],
    [
      -0.006281000096350908,
      0.04022099822759628,
      0.0064940000884234905
    ],
    [
      -0.006281000096350908,
      0.04022099822759628,
      0.0064940000884234905
    ]
  ],