{
  "mesh_name": "",
  "mesh_distance": 0.130187526345253,
  "mesh_start_point": [
    0.010083467699587345,
    -0.05369376763701439,
    0.01173779834061861
  ],
  "mesh_end_point": [
    -0.03514200076460838,
    -0.14741499722003937,
    -0.07340399920940399
  ],
  "mesh_ref_point": [
    0.048106998205184937,
    0.04343299940228462,
    0.08409100025892258
  ],
  "mesh_use_face_normals": false,
  "mesh_use_tangent_basis": false,
  "mesh_vertices": [
    [
      0.006068000104278326,
      0.04343299940228462,
      -0.003978000022470951
    ],
    [
      0.042089998722076416,
      0.006825000047683716,
      -0.00760400015860796
    ],
    [
      0.02528100088238716,
      0.006060000043362379,
      -0.04127100110054016
    ],
    [
      -0.021517999470233917,
      0.010141000151634216,
      -0.05113000050187111
    ],
    [
      -0.03514200076460838,
      0.009953999891877174,
      -0.003889000043272972
    ],
    [
      0.03137499839067459,
      0.006436999887228012,
      0.031204000115394592
    ],
    [
      0.048106998205184937,
      -0.02640100009739399,
      0.019473999738693237
    ],
    [
      0.02835400030016899,
      -0.030066000297665596,
      -0.04888699948787689
    ],
    [
      -0.020750999450683594,
      -0.037891000509262085,
      -0.06949099898338318
    ],
    [
      0.03392999991774559,
      -0.02814199961721897,
      0.06953500211238861
    ],
    [
      0.03947500139474869,
      -0.10882999747991562,
      0.031362999230623245
    ],
    [
      0.024567000567913055,
      -0.14736799895763397,
      -0.061298999935388565
    ],
    [
      -0.02018200047314167,
      -0.14741499722003937,
      -0.07340399920940399
    ],
    [
      0.023226000368595123,
      -0.14514599740505219,
      0.06417299807071686
    ],
    [
      -0.016922999173402786,
      0.01079699955880642,
      0.04055599868297577
    ],
    [
      -0.03416899964213371,
      -0.040282998234033585,
      -0.004313999786973
    ],
    [
      -0.015723999589681625,
      -0.035399001091718674,
      0.060033999383449554
    ],
    [
      -0.021695999428629875,
      -0.14573000371456146,
      0.07521600276231766
    ],
    [
      0.03674300014972687,
      -0.09478899836540222,
      0.08409100025892258
    ],
    [
      0.006068000104278326,
      0.04343299940228462,
      -0.003978000022470951
    ],
    [
      0.006068000104278326,
      0.04343299940228462,
      -0.003978000022470951
    ],
    [
      0.006068000104278326,
      0.04343299940228462,
      -0.003978000022470951
    ],
    [
      0.03137499839067459,
      0.006436999887228012,
      0.031204000115394592
    ],
    [
      0.03392999991774559,
      -0.02814199961721897,
      0.06953500211238861
    ],
    [
      0.03674300014972687,
      -0.09478899836540222,
      0.08409100025892258
    ],
    [
      0.023226000368595123,
      -0.14514599740505219,
      0.06417299807071686
    ],
    [
      0.023226000368595123,
      -0.14514599740505219,
      0.06417299807071686
    ],
    [
      -0.021695999428629875,
      -0.14573000371456146,
      0.07521600276231766
    ],
    [
      -0.02018200047314167,
      -0.14741499722003937,
      -0.07340399920940399
    ],
    [
      0.024567000567913055,
      -0.14736799895763397,
      -0.061298999935388565
    ]
  ],
  "mesh_normals": [
    [
      0.7073350548744202,
      0.7031725645065308,
      -0.07228729873895645
    ],
    [
      0.9042032957077026,
      0.4056088328361511,
      -0.13378368318080902
    ],
    [
      0.5084840655326843,
      0.47689348459243774,
      -0.7169494032859802
    ],
    [
      -0.5921683311462402,
      0.5265402793884277,
      -0.6099933981895447
    ],
    [
      -0.9023458361625671,
      0.4284226894378662,
      0.04718058183789253
    ],
    [
      0.8455150723457336,
      0.47526246309280396,
      0.24337179958820343
    ],
    [
      0.9937439560890198,
      0.09601931273937225,
      0.05703619867563248
    ],
    [
      0.8334364891052246,
      0.05021778121590614,
      -0.5503287315368652
    ],
    [
      -0.17745371162891388,
      0.17826463282108307,
      -0.96784907579422
    ],
    [
      0.9336334466934204,
      0.2325495034456253,
      0.2724872827529907
    ],
    [
      0.9802360534667969,
      -0.19367212057113647,
      -0.04035381227731705
    ],
    [
      0.7791423201560974,
      -0.0889022946357727,
      -0.6205107569694519
    ],
    [
      -0.823607861995697,
      -0.041401736438274384,
      -0.5656465888023376
    ],
    [
      0.9334272742271423,
      -0.3511313199996948,
      0.07362312823534012
    ],
    [
      -0.4979057013988495,
      0.5686070322990417,
      0.6548097729682922
    ],
    [
      -0.9993558526039124,
      0.011592616327106953,
      0.03396075591444969
    ],
    [
      -0.5391687154769897,
      0.20798195898532867,
      0.8161130547523499
    ],
    [
      -0.6867993474006653,
      -0.10273509472608566,
      0.7195498943328857
    ],
    [
      -0.1251249462366104,
      0.0359196774661541,
      0.9914906024932861
    ],
    [
      0.19958697259426117,
      0.7416456937789917,
      -0.6404112577438354
    ],
    [
      -0.6302027106285095,
      0.7758119702339172,
      0.03099188394844532
    ],
    [
      0.19139531254768372,
      0.7419609427452087,
      0.6425429582595825
    ],
    [
      0.1918288916349411,
      0.7384905219078064,
      0.6464002728462219
    ],
    [
      -0.1206195279955864,
      0.396414577960968,
      0.9101132154464722
    ],
    [
      0.9814457893371582,
      -0.10089875757694244,
      0.16304506361484528
    ],
    [
      0.22278434038162231,
      -0.4096921384334564,
      0.8846012949943542
    ],
    [
      0.00604797201231122,
      -0.9998753070831299,
      0.01458228100091219
    ],
    [
      0.01582413725554943,
      -0.9998087286949158,
      0.01149662770330906
    ],
    [
      0.00604797201231122,
      -0.9998753070831299,
      0.01458228100091219
    ],
    [
      -0.003728824434801936,
      -0.999836802482605,
      0.017666401341557503
    ]
  ],