{
  "mesh_name": "",
  "mesh_distance": 0.09411278367042542,
  "mesh_start_point": [
    0.07552959024906158,
    -0.10830233246088028,
    0.043058376759290695
  ],
  "mesh_end_point": [
    0.019909000024199486,
    -0.17967399954795837,
    0.019473999738693237
  ],
  "mesh_ref_point": [
    0.1345759928226471,
    -0.02640100009739399,
    0.08409100025892258
  ],
  "mesh_use_face_normals": false,
  "mesh_use_tangent_basis": false,
  "mesh_vertices": [
    [
      0.048106998205184937,
      -0.02640100009739399,
      0.019473999738693237
    ],
    [
      0.03392999991774559,
      -0.02814199961721897,
      0.06953500211238861
    ],
    [
      0.03947500139474869,
      -0.10882999747991562,
      0.031362999230623245
    ],
    [
      0.03674300014972687,
      -0.09478899836540222,
      0.08409100025892258
    ],
    [
      0.09809499979019165,
      -0.10231500118970871,
      0.04397600144147873
    ],
    [
      0.10252700001001358,
      -0.10780300199985504,
      0.07805799692869186
    ],
    [
      0.07973600178956985,
      -0.12754899263381958,
      0.043678998947143555
    ],
    [
      0.1184070035815239,
      -0.14098100364208221,
      0.025557000190019608
    ],
    [
      0.1345759928226471,
      -0.1670600026845932,
      0.033521998673677444
    ],
    [
      0.10021200031042099,
      -0.15348899364471436,
      0.026172000914812088
    ],
    [
      0.11583899706602097,
      -0.17967399954795837,
      0.0384880006313324
    ],
    [
      0.08720800280570984,
      -0.12188000231981277,
      0.08241699635982513
    ],
    [
      0.019909000024199486,
      -0.03292600065469742,
      0.043887000530958176
    ],
    [
      0.02179500088095665,
      -0.08409599959850311,
      0.05353200063109398
    ],
    [
      0.048106998205184937,
      -0.02640100009739399,
      0.019473999738693237
    ],
    [
      0.09809499979019165,
      -0.10231500118970871,
      0.04397600144147873
    ],
    [
      0.1184070035815239,
      -0.14098100364208221,
      0.025557000190019608
    ],
    [
      0.1345759928226471,
      -0.1670600026845932,
      0.033521998673677444
    ],
    [
      0.03947500139474869,
      -0.10882999747991562,
      0.031362999230623245
    ],
    [
      0.07973600178956985,
      -0.12754899263381958,
      0.043678998947143555
    ],
    [
      0.11583899706602097,
      -0.17967399954795837,
      0.0384880006313324
    ],
    [
      0.10021200031042099,
      -0.15348899364471436,
      0.026172000914812088
    ],
    [
      0.02179500088095665,
      -0.08409599959850311,
      0.05353200063109398
    ],
    [
      0.019909000024199486,
      -0.03292600065469742,
      0.043887000530958176
    ]
  ],
  "mesh_normals": [
    [
      0.516390323638916,
      0.8537893295288086,
      0.0662166103720665
    ],
    [
      -0.04869052395224571,
      0.6257209777832031,
      0.7785258293151855
    ],
    [
      -0.48789021372795105,
      -0.12810732424259186,
      -0.8634533882141113
    ],
    [
      -0.7455251216888428,
      -0.31247076392173767,
      0.5886886119842529
    ],
    [
      0.8583866357803345,
      0.5121743083000183,
      -0.02915199287235737
    ],
    [
      0.8113752007484436,
      0.31113705039024353,
      0.4948374927043915
    ],
    [
      0.02407458797097206,
      -0.010611905716359615,
      -0.9996538162231445
    ],
    [
      -0.06571172922849655,
      0.04658006131649017,
      -0.9967508316040039
    ],
    [
      0.0769961029291153,
      -0.31700074672698975,
      -0.9452946782112122
    ],
    [
      -0.1279507726430893,
      -0.00848138052970171,
      -0.9917442798614502
    ],
    [
      0.03357354924082756,
      -0.4089004099369049,
      -0.9119611978530884
    ],
    [
      -0.22482627630233765,
      -0.5343425869941711,
      0.8148195743560791
    ],
    [
      -0.8232854604721069,
      0.4399139881134033,
      0.3587155044078827
    ],
    [
      -0.8890489935874939,
      -0.3269282877445221,
      0.3204836845397949
    ],
    [
      -0.0728134885430336,
      -0.13293306529521942,
      -0.9884467720985413
    ],
    [
      -0.14034561812877655,
      0.15666374564170837,
      -0.9776296019554138
    ],
    [
      0.8673005104064941,
      0.49520519375801086,
      -0.05061204358935356
    ],
    [
      0.865241289138794,
      0.09850198030471802,
      0.4915839731693268
    ],
    [
      -0.5638738870620728,
      -0.8040484189987183,
      0.18855318427085876
    ],
    [
      -0.7185630202293396,
      -0.6869707107543945,
      0.1083436980843544
    ],
    [
      -0.24298277497291565,
      -0.7104194164276123,
      0.660502552986145
    ],
    [
      -0.8205866813659668,
      -0.5546165704727173,
      -0.13797780871391296
    ],
    [
      -0.8408131003379822,
      -0.13003669679164886,
      -0.5254746675491333
    ],
    [
      -0.7540981769561768,
      -0.08697627484798431,
      -0.6509771347045898
    ]
  ],
  "mesh_uv": [
    [
      0.675832986831665,
      0.09163200110197067
    ],
    [
      0.6479830145835876,
      0.14906500279903412
    ],
    [
      0.8099319934844971,
      0.1627880036830902
    ],
    [
      0.49634599685668945,
      0.22645099461078644
    ],
    [
      0.4523429870605469,
      0.02831600047647953
    ],
    [
      0.413455992937088,
      0.08386600017547607
    ],
    [
      0.7643589973449707,
      0.10773900151252747
    ],
    [
      0.7295699715614319,
      0.019015999510884285
    ],
    [
      0.6571360230445862,
      0.008422000333666801
    ],
    [
      0.6947199702262878,
      0.0922119989991188
    ],
    [
      0.6371870040893555,
      0.05742499977350235
    ],
    [
      0.3845070004463196,
      0.13477599620819092
    ],
    [
      0.6923390030860901,
      0.18573600053787231
    ],
    [
      0.5196939706802368,
      0.2782300114631653
    ],
    [
      0.9910370111465454,
      0.09675800055265427
    ],
    [
      0.8024790287017822,
      0.05187699943780899
    ],
    [
      0.3478350043296814,
      0.007054000161588192
    ],
    [
      0.26374301314353943,
      0.0412600003182888
    ],
    [
      0.4481469988822937,
      0.2627260088920593
    ],
    [
      0.3693079948425293,
      0.17926299571990967
    ],
    [
      0.24059200286865234,
      0.09928300231695175
    ],
    [
      0.2846980094909668,
      0.17232699692249298
    ],
    [
      0.8764960169792175,
      0.21392600238323212
    ],
    [
      0.9975600242614746,
      0.17880800366401672
    ]
  ],
  "mesh_indices": [
    8,
    10,
    9,
    8,
    9,
    7,
    1,
    5,
    0,
    4,
    0,
    5,
    14,
    6,
    2,
    6,
    14,
    15,
    5,
    16,
    4,
    16,
    5,
    17,
    15,
    9,
    6,
    9,
    15,
    7,
    3,
    11,
    1,
    5,
    1,
    11,
    18,
    11,
    3,
    11,
    18,
    19,
    19,
    20,
    11,
    20,
    19,
    21,
    20,
    17,
    5,
    5,
    11,
    20,
    1,
    0,
    12,
    13,
    18,
    3,
    13,
    3,
    12,
    1,
    12,
    3,
    2,
    22,
    23,
    23,
    14,
    2
  ],
  "mesh_extra_indices": [
    [
      1,
      1,
      [
        10,
        10,
        8,
        9,
        7,
        9,
        15,
        6,
        14,
        2,
        23,
        22
      ]
    ],
    [
      1,
      1,
      [
        5,
        1,
        11,
        3,
        18,
        3,
        13,
        3,
        12,
        1,
        0,
        5,
        4,
        5,
        16
      ]
    ],
    [
      1,
      1,
      [
        16,
        5,
        17,
        5,
        20,
        11,
        19,
        18
      ]
    ],
    [
      1,
      0,
      [
        20,
        19,
        21
      ]
    ]
  ]
}