{
  "mesh_name": "",
  "mesh_distance": 0.09057201445102692,
  "mesh_start_point": [
    0.00546257896348834,
    -0.033549949526786804,
    0.0070429458282887936
  ],
  "mesh_end_point": [
    -0.021695999428629875,
    -0.07441399991512299,
    -0.07340399920940399
  ],
  "mesh_ref_point": [
    0.024567000567913055,
    0.025526000186800957,
    0.07521600276231766
  ],
  "mesh_use_face_normals": false,
  "mesh_use_tangent_basis": false,
  "mesh_vertices": [
    [
      0.024567000567913055,
      -0.0007319999858736992,
      -0.061298999935388565
    ],
    [
      -0.02018200047314167,
      -0.0007789999945089221,
      -0.07340399920940399
    ],
    [
      -0.021695999428629875,
      0.0009059999720193446,
      0.07521600276231766
    ],
    [
      0.017356999218463898,
      -0.07213400304317474,
      0.0637810006737709
    ],
    [
      -0.01777699962258339,
      -0.07411599904298782,
      0.07333499938249588
    ],
    [
      -0.01582299917936325,
      -0.07441399991512299,
      -0.06123900040984154
    ],
    [
      0.02333899959921837,
      -0.0023580000270158052,
      0.06318599730730057
    ],
    [
      0.00710699986666441,
      0.025526000186800957,
      0.06428299844264984
    ],
    [
      0.008377999998629093,
      0.024640999734401703,
      -0.061935000121593475
    ],
    [
      0.019526999443769455,
      -0.0729999989271164,
      -0.051100000739097595
    ],
    [
      0.019526999443769455,
      -0.0729999989271164,
      -0.051100000739097595
    ],
    [
      0.02333899959921837,
      -0.0023580000270158052,
      0.06318599730730057
    ],
    [
      0.017356999218463898,
      -0.07213400304317474,
      0.0637810006737709
    ],
    [
      0.00710699986666441,
      0.025526000186800957,
      0.06428299844264984
    ],
    [
      0.008377999998629093,
      0.024640999734401703,
      -0.061935000121593475
    ],
    [
      -0.01777699962258339,
      -0.07411599904298782,
      0.07333499938249588
    ],
    [
      0.019526999443769455,
      -0.0729999989271164,
      -0.051100000739097595
    ],
    [
      0.017356999218463898,
      -0.07213400304317474,
      0.0637810006737709
    ],
    [
      -0.01582299917936325,
      -0.07441399991512299,
      -0.06123900040984154
    ]
  ],
  "mesh_normals": [
    [
      0.765034019947052,
      0.17866292595863342,
      -0.6187103390693665
    ],
    [
      -0.722111165523529,
      0.21414372324943542,
      -0.6577976942062378
    ],
    [
      -0.42605075240135193,
      0.43153879046440125,
      0.7951446175575256
    ],
    [
      0.26002877950668335,
      -0.012128619477152824,
      0.9655247330665588
    ],
    [
      -0.8771947026252747,
      -0.0626545324921608,
      0.4760291874408722
    ],
    [
      -0.23010143637657166,
      -0.17817434668540955,
      -0.9567166566848755
    ],
    [
      0.2612037658691406,
      0.05126576870679855,
      0.9639213681221008
    ],
    [
      -0.2886073589324951,
      0.6498742699623108,
      0.7031140327453613
    ],
    [
      -0.4817807376384735,
      0.7526950240135193,
      -0.4487064778804779
    ],
    [
      0.2781040370464325,
      -0.15321946144104004,
      -0.9482517838478088
    ],
    [
      0.9969469904899597,
      -0.076778344810009,
      0.014204833656549454
    ],
    [
      0.9925124645233154,
      0.12120584398508072,
      0.015105461701750755
    ],
    [
      0.9961705803871155,
      -0.08523724228143692,
      0.01945931278169155
    ],
    [
      0.8538690209388733,
      0.5203936100006104,
      0.009906338527798653
    ],
    [
      0.8429574370384216,
      0.5379592180252075,
      0.0047164796851575375
    ],
    [
      0.04891864210367203,
      -0.9987865090370178,
      0.0057075186632573605
    ],
    [
      0.04891864210367203,
      -0.9987865090370178,
      0.0057075186632573605
    ],
    [
      0.058660801500082016,
      -0.9982406497001648,
      0.008632986806333065
    ],
    [
      0.03917139396071434,
      -0.9992284178733826,
      0.0027814575005322695
    ]
  ],
  "mesh_uv": [
    [
      0.542119026184082,
      0.5385349988937378
    ],
    [
      0.4369939863681793,
      0.5368490219116211
    ],
    [
      0.06312800198793411,
      0.5409250259399414
    ],
    [
      0.01636200025677681,
      0.4039260149002075
    ],
    [
      0.06731300055980682,
      0.4006589949131012
    ],
    [
      0.42397698760032654,
      0.4034929871559143
    ],
    [
      0.004645999986678362,
      0.5437139868736267
    ],
    [
      0.07128900289535522,
      0.6096370220184326
    ],
    [
      0.4408609867095947,
      0.6105489730834961
    ],
    [
      0.47898998856544495,
      0.4011929929256439
    ],
    [
      0.5665109753608704,
      0.39889100193977356
    ],
    [
      0.8698840141296387,
      0.5364930033683777
    ],
    [
      0.8625220060348511,
      0.40709200501441956
    ],
    [
      0.873989999294281,
      0.6128020286560059
    ],
    [
      0.5486930012702942,
      0.60760897397995
    ],
    [
      0.42351698875427246,
      0.40352699160575867
    ],
    [
      0.07319600135087967,
      0.3518170118331909
    ],
    [
      0.4174079895019531,
      0.34555500745773315
    ],
    [
      0.06723500043153763,
      0.3984389901161194
    ]
  ],
  "mesh_indices": [
    3,
    2,
    4,
    2,
    3,
    6,
    4,
    1,
    5,
    1,
    4,
    2,
    6,
    7,
    2,
    2,
    8,
    1,
    8,
    2,
    7,
    5,
    0,
    9,
    0,
    5,
    1,
    10,
    11,
    12,
    11,
    10,
    0,
    1,
    8,
    0,
    0,
    13,
    11,
    13,
    0,
    14,
    15,
    16,
    17,
    15,
    18,
    16
  ],
  "mesh_extra_indices": [
    [
      1,
      1,
      [
        18,
        18,
        15,
        16,
        17
      ]
    ],
    [
      1,
      1,
      [
        14,
        13,
        0,
        11,
        10,
        11,
        12
      ]
    ],
    [
      1,
      1,
      [
        9,
        5,
        0,
        1,
        8,
        2,
        7,
        2,
        6,
        2,
        3,
        2,
        4,
        1,
        5
      ]
    ]
  ]
}