{
  "mesh_name": "",
  "mesh_distance": 0.07656946778297424,
  "mesh_start_point": [
    0.0047441585920751095,
    -0.024651160463690758,
    0.008864790201187134
  ],
  "mesh_end_point": [
    -0.01777699962258339,
    -0.08633899688720703,
    -0.06123900040984154
  ],
  "mesh_ref_point": [
    0.02134300023317337,
    0.017596999183297157,
    0.07333499938249588
  ],
  "mesh_use_face_normals": false,
  "mesh_use_tangent_basis": false,
  "mesh_vertices": [
    [
      0.017356999218463898,
      0.0005499999970197678,
      0.0637810006737709
    ],
    [
      -0.01777699962258339,
      -0.0014319999609142542,
      0.07333499938249588
    ],
    [
      -0.01582299917936325,
      -0.0017310000257566571,
      -0.06123900040984154
    ],
    [
      0.019526999443769455,
      -0.0003169999981764704,
      -0.051100000739097595
    ],
    [
      0.006597999949008226,
      -0.058416999876499176,
      0.054322998970746994
    ],
    [
      -0.011695999652147293,
      -0.06193400174379349,
      0.06350400298833847
    ],
    [
      0.0016680000117048621,
      -0.04407399892807007,
      -0.045058999210596085
    ],
    [
      0.02134300023317337,
      -0.03788800165057182,
      -0.04004799947142601
    ],
    [
      -0.008520999923348427,
      -0.08633899688720703,
      0.01999399997293949
    ],
    [
      0.007884999737143517,
      -0.07459799945354462,
      0.020772000774741173
    ],
    [
      -0.0007830000249668956,
      0.016642000526189804,
      0.06540600210428238
    ],
    [
      -0.0007830000249668956,
      0.017596999183297157,
      -0.05418600142002106
    ],
    [
      0.019526999443769455,
      -0.0003169999981764704,
      -0.051100000739097595
    ],
    [
      0.017356999218463898,
      0.0005499999970197678,
      0.0637810006737709
    ],
    [
      0.007884999737143517,
      -0.07459799945354462,
      0.020772000774741173
    ],
    [
      0.02134300023317337,
      -0.03788800165057182,
      -0.04004799947142601
    ],
    [
      0.006597999949008226,
      -0.058416999876499176,
      0.054322998970746994
    ],
    [
      -0.0007830000249668956,
      0.017596999183297157,
      -0.05418600142002106
    ],
    [
      -0.0007830000249668956,
      0.016642000526189804,
      0.06540600210428238
    ]
  ],
  "mesh_normals": [
    [
      0.336027055978775,
      -0.05702869966626167,
      0.9401241540908813
    ],
    [
      -0.8055357336997986,
      0.31318503618240356,
      0.5030182003974915
    ],
    [
      -0.6494070887565613,
      -0.020997047424316406,
      -0.7601509094238281
    ],
    [
      0.2907370328903198,
      -0.12069719284772873,
      -0.9491596817970276
    ],
    [
      0.48993322253227234,
      -0.6271346807479858,
      0.605530858039856
    ],
    [
      0.05110732465982437,
      -0.4797971546649933,
      0.8758896589279175
    ],
    [
      0.18198326230049133,
      -0.6249125003814697,
      -0.7591879963874817
    ],
    [
      0.36811351776123047,
      -0.5861645340919495,
      -0.7217365503311157
    ],
    [
      -0.3996330499649048,
      -0.9166751503944397,
      6.2926706050348e-06
    ],
    [
      0.5197962522506714,
      -0.8402261137962341,
      -0.1543760448694229
    ],
    [
      -0.3474055528640747,
      0.630962610244751,
      0.6936826109886169
    ],
    [
      -0.5838141441345215,
      0.6757827997207642,
      -0.4499763250350952
    ],
    [
      0.905767560005188,
      0.414279967546463,
      0.08920429646968842
    ],
    [
      0.986069917678833,
      0.15515238046646118,
      0.05994889885187149
    ],
    [
      0.9863210916519165,
      -0.06909376382827759,
      0.14965541660785675
    ],
    [
      0.948409914970398,
      0.13079820573329926,
      0.28880804777145386
    ],
    [
      0.9710365533828735,
      -0.19850309193134308,
      0.13298271596431732
    ],
    [
      0.6609606742858887,
      0.7503966093063354,
      0.005992271471768618
    ],
    [
      0.6624547243118286,
      0.7490741610527039,
      0.006445217877626419
    ]
  ],
  "mesh_uv": [
    [
      0.01636200025677681,
      0.4039260149002075
    ],
    [
      0.06731300055980682,
      0.4006589949131012
    ],
    [
      0.42397698760032654,
      0.4034929871559143
    ],
    [
      0.47898998856544495,
      0.4011929929256439
    ],
    [
      0.06054599955677986,
      0.2020290046930313
    ],
    [
      0.08497100323438644,
      0.2485869973897934
    ],
    [
      0.4053359925746918,
      0.290010005235672
    ],
    [
      0.43278300762176514,
      0.26312801241874695
    ],
    [
      0.22168999910354614,
      0.20290400087833405
    ],
    [
      0.223581001162529,
      0.13541600108146667
    ],
    [
      0.06334000080823898,
      0.4596419930458069
    ],
    [
      0.4280740022659302,
      0.4573740065097809
    ],
    [
      0.5665109753608704,
      0.39889100193977356
    ],
    [
      0.8625220060348511,
      0.4070909917354584
    ],
    [
      0.7524600028991699,
      0.18562999367713928
    ],
    [
      0.5931879878044128,
      0.27442899346351624
    ],
    [
      0.8501129746437073,
      0.22782300412654877
    ],
    [
      0.5585970282554626,
      0.4605390131473541
    ],
    [
      0.8650280237197876,
      0.459755003452301
    ]
  ],
  "mesh_indices": [
    4,
    0,
    5,
    1,
    5,
    0,
    1,
    2,
    8,
    8,
    5,
    1,
    9,
    6,
    7,
    8,
    4,
    5,
    6,
    3,
    7,
    3,
    6,
    2,
    12,
    13,
    14,
    14,
    15,
    12,
    9,
    4,
    8,
    8,
    2,
    6,
    8,
    6,
    9,
    14,
    13,
    16,
    1,
    10,
    11,
    11,
    2,
    1,
    1,
    0,
    10,
    2,
    11,
    3,
    12,
    17,
    18,
    18,
    13,
    12
  ],
  "mesh_extra_indices": [
    [
      1,
      1,
      [
        17,
        18,
        12,
        13,
        14,
        16
      ]
    ],
    [
      1,
      1,
      [
        5,
        0,
        1,
        10,
        1,
        11,
        2,
        3
      ]
    ],
    [
      1,
      1,
      [
        5,
        1,
        8,
        2,
        6,
        3,
        6,
        7,
        6,
        9,
        8,
        4,
        5,
        0
      ]
    ],
    [
      1,
      0,
      [
        14,
        15,
        12
      ]
    ]
  ]
}